Pidgey Sequence,Base,,,
Position,1,,,
1,1,,1= A,
2,2,,2= T,
3,4,,3= G,
4,2,,4= C,
5,1,,,
6,4,,,
7,3,,,
8,2,,,
9,1,,,
10,4,,,
11,3,,,
12,1,,,
13,3,,,
14,2,,,
15,4,,,
16,1,,,
17,1,,,
18,4,,,
19,2,,,
20,4,,,
21,1,,,
22,4,,,
23,2,,,
24,4,,,
25,4,,,
26,3,,,
27,4,,,
28,4,,,
29,4,,,
30,4,,,
31,4,,,
32,1,,,
33,3,,,
34,3,,,
35,2,,,
36,2,,,
37,4,,,
38,3,,,
39,4,,,
40,3,,,
41,1,,,
42,3,,,
43,3,,,
44,3,,,
45,3,,,
46,1,,,
47,4,,,
48,2,,,
49,2,,,
50,2,,,
51,1,,,
52,4,,,
53,1,,,
54,2,,,
55,1,,,
56,2,,,
57,2,,,
58,2,,,
59,4,,,
60,2,,,
61,4,,,
62,4,,,
63,4,,,
64,1,,,
65,2,,,
66,2,,,
67,3,,,
68,1,,,
69,1,,,
70,1,,,
71,2,,,
72,4,,,
73,3,,,
74,4,,,
75,2,,,
76,3,,,
77,3,,,
78,4,,,
79,4,,,
80,2,,,
81,3,,,
82,1,,,
83,4,,,
84,4,,,
85,2,,,
86,3,,,
87,1,,,
88,1,,,
89,2,,,
90,3,,,
91,4,,,
92,4,,,
93,1,,,
94,3,,,
95,1,,,
96,2,,,1
97,2,,,
98,4,,,
99,4,,,
100,,,,
